datetime,open,high,low,close,volume
2026-07-06T00:00:00+00:00,7462.59,7542.8,7462.59,7533.84,663652
2026-07-09T00:00:00+00:00,7533.84,7614.7699999999995,7504.65,7613.299999999999,580248
2026-07-12T00:00:00+00:00,7573.57,7577.01,7481.99,7567.04,1204342
2026-07-15T00:00:00+00:00,7567.04,7583.71,7353.83,7376.89,1877460
2026-07-18T00:00:00+00:00,7448.97,7511.38,7430.56,7500.18,703173
2026-07-21T00:00:00+00:00,7500.18,7521.54,7371.12,7404.01,1902169
2026-07-24T00:00:00+00:00,7404.01,7486.12,7377.91,7414.97,1155206
2026-07-27T00:00:00+00:00,7414.97,7464.05,7287.53,7439.21,3148764
2026-07-30T00:00:00+00:00,7439.21,7520.04,7392.56,7514.79,746303
2026-08-02T00:00:00+00:00,7483.37,7788.55,7483.37,7727.08,1012191
2026-08-05T00:00:00+00:00,7727.08,7756.67,7693.77,7734.4,698202
2026-08-08T00:00:00+00:00,7746.21,7768.27,7710.15,7725.37,363929
2026-08-11T00:00:00+00:00,7725.37,7814.05,7722.38,7779.28,610852
2026-08-14T00:00:00+00:00,7779.28,7803.35,7742.08,7744.2,128078
2026-08-17T00:00:00+00:00,7744.2,7750.18,7639.78,7650.14,840742
2026-08-20T00:00:00+00:00,7650.14,7697.69,7645.12,7673.37,209786
2026-08-23T00:00:00+00:00,7673.37,7701.49,7640.78,7683.17,545780
2026-08-26T00:00:00+00:00,7683.17,7741.410000000001,7670.89,7682.6,352474
2026-08-29T00:00:00+00:00,7713.36,7715.62,7613.3,7639.26,501996
2026-09-01T00:00:00+00:00,7639.26,7643.84,7625.34,7629.83,19977
